1,1,eyJhbGciOiJIUzI1NiIsInR5cCI6IkpXVCJ9.eyJpZCI6MSwiZW1haWwiOiJhZG1pbjAwMUBnbWFpbC5jb20iLCJ1c2VybmFtZSI6ImFkbWluMDAxIiwiZmlyc3RuYW1lIjoiYWRtaW4iLCJsYXN0bmFtZSI6IjAwMSIsIm1vYmlsZV9udW1iZXIiOiI4MTI1OTAwMTEiLCJzdGF0dXMiOnRydWUsImNyZWF0ZWRfYXQiOiIyMDIxLTA2LTE1VDAxOjIzOjQwLjAwMFoiLCJjcmVhdGVkX2J5IjpudWxsLCJyb2xlIjp7ImlkIjoxLCJkZXNjcmlwdGlvbiI6ImFkbWluIGZvciB0ZXN0IiwibmFtZSI6ImFkbWluIn0sImlhdCI6MTYyMzc5ODc0NCwiZXhwIjoxNjIzODA5NTQ0fQ.BkvEV715DdDlsnx-3E5LiY6o9jYRBpR_SCaIRQtiONY,f,2021-06-16 06:11:32+07
3,3,eyJhbGciOiJIUzI1NiIsInR5cCI6IkpXVCJ9.eyJpZCI6MywiZW1haWwiOiJhbXplc21vcm8wMDFAZ21haWwuY29tIiwidXNlcm5hbWUiOiJhbXplc21vcm8wMDEiLCJmaXJzdG5hbWUiOiJhbXplc21vcm8iLCJsYXN0bmFtZSI6IjAwMSIsIm1vYmlsZV9udW1iZXIiOiI4MTI1OTAwMTEiLCJzdGF0dXMiOnRydWUsImNyZWF0ZWRfYXQiOiIyMDIxLTA2LTE1VDIzOjQzOjIxLjAwMFoiLCJjcmVhdGVkX2J5IjoxLCJyb2xlIjp7ImlkIjoyLCJkZXNjcmlwdGlvbiI6InVzZXIgZm9yIHRlc3QiLCJuYW1lIjoidXNlciJ9LCJpYXQiOjE2MjM4MDA2MzMsImV4cCI6MTYyMzgxMTQzM30.4ZeYlIvXe7wivWydKr1QBMkUIq6DlhEdP46N9AlsTEM,f,2021-06-16 06:43:10+07
2,1,eyJhbGciOiJIUzI1NiIsInR5cCI6IkpXVCJ9.eyJpZCI6MSwiZW1haWwiOiJhZG1pbjAwMUBnbWFpbC5jb20iLCJ1c2VybmFtZSI6ImFkbWluMDAxIiwiZmlyc3RuYW1lIjoiYWRtaW4iLCJsYXN0bmFtZSI6IjAwMSIsIm1vYmlsZV9udW1iZXIiOiI4MTI1OTAwMTEiLCJzdGF0dXMiOnRydWUsImNyZWF0ZWRfYXQiOiIyMDIxLTA2LTE1VDAxOjIzOjQwLjAwMFoiLCJjcmVhdGVkX2J5IjpudWxsLCJyb2xlIjp7ImlkIjoxLCJkZXNjcmlwdGlvbiI6ImFkbWluIGZvciB0ZXN0IiwibmFtZSI6ImFkbWluIn0sImlhdCI6MTYyMzgwMDMzOSwiZXhwIjoxNjIzODExMTM5fQ.zMU7FSDOwHAhudjctCHO6AW2y3Oj0e-VSiURnUfrwZM,f,2021-06-16 06:37:24+07
4,3,eyJhbGciOiJIUzI1NiIsInR5cCI6IkpXVCJ9.eyJpZCI6MywiZW1haWwiOiJhbXplc21vcm8wMDFAZ21haWwuY29tIiwidXNlcm5hbWUiOiJhbXplc21vcm8wMDEiLCJmaXJzdG5hbWUiOiJhbXplc21vcm8iLCJsYXN0bmFtZSI6IjAwMSIsIm1vYmlsZV9udW1iZXIiOiI4MTI1OTAwMTEiLCJzdGF0dXMiOnRydWUsImNyZWF0ZWRfYXQiOiIyMDIxLTA2LTE1VDIzOjQzOjIxLjAwMFoiLCJjcmVhdGVkX2J5IjoxLCJyb2xlIjp7ImlkIjoyLCJkZXNjcmlwdGlvbiI6InVzZXIgZm9yIHRlc3QiLCJuYW1lIjoidXNlciJ9LCJpYXQiOjE2MjM4MDQ0OTgsImV4cCI6MTYyMzgxNTI5OH0.5Q2tiUMWI7BUqJCdZAmwk09lNobYAk2v83nVq9kGNVM,f,2021-06-16 07:47:30+07
6,1,eyJhbGciOiJIUzI1NiIsInR5cCI6IkpXVCJ9.eyJpZCI6MSwiZW1haWwiOiJhZG1pbjAwMUBnbWFpbC5jb20iLCJ1c2VybmFtZSI6ImFkbWluMDAxIiwiZmlyc3RuYW1lIjoiYWRtaW4iLCJsYXN0bmFtZSI6IjAwMSIsIm1vYmlsZV9udW1iZXIiOiI4MTI1OTAwMTEiLCJzdGF0dXMiOnRydWUsImNyZWF0ZWRfYXQiOiIyMDIxLTA2LTE1VDAxOjIzOjQwLjAwMFoiLCJjcmVhdGVkX2J5IjpudWxsLCJyb2xlIjp7ImlkIjoxLCJkZXNjcmlwdGlvbiI6ImFkbWluIGZvciB0ZXN0IiwibmFtZSI6ImFkbWluIn0sImlhdCI6MTYyMzg2MTUzMywiZXhwIjoxNjIzODcyMzMzfQ.bLM_R5WowTJ9JxNe1Ey4E9BteP61Y1DjyrJMV_d1xlo,t,2021-06-16 23:35:39+07
5,3,eyJhbGciOiJIUzI1NiIsInR5cCI6IkpXVCJ9.eyJpZCI6MywiZW1haWwiOiJhbXplc21vcm8wMDFAZ21haWwuY29tIiwidXNlcm5hbWUiOiJhbXplc21vcm8wMDEiLCJmaXJzdG5hbWUiOiJhbXplc21vcm8iLCJsYXN0bmFtZSI6IjAwMSIsIm1vYmlsZV9udW1iZXIiOiI4MTI1OTAwMTEiLCJzdGF0dXMiOnRydWUsImNyZWF0ZWRfYXQiOiIyMDIxLTA2LTE1VDIzOjQzOjIxLjAwMFoiLCJjcmVhdGVkX2J5IjoxLCJyb2xlIjp7ImlkIjoyLCJkZXNjcmlwdGlvbiI6InVzZXIgZm9yIHRlc3QiLCJuYW1lIjoidXNlciJ9LCJpYXQiOjE2MjM4NjE0OTksImV4cCI6MTYyMzg3MjI5OX0.IqZdIjNXXqL8OMCGi5vbvkIt-_IYyNAS06H7UQmEkFQ,f,2021-06-16 23:35:39+07
8,5,eyJhbGciOiJIUzI1NiIsInR5cCI6IkpXVCJ9.eyJpZCI6NSwiZW1haWwiOiJhbXplc21vcm8wMDNAZ21haWwuY29tIiwidXNlcm5hbWUiOiJhbXplc21vcm8wMDMiLCJmaXJzdG5hbWUiOiJhbXplc21vcm8iLCJsYXN0bmFtZSI6IjAwMyIsIm1vYmlsZV9udW1iZXIiOiI4MTI1OTAwMTEiLCJzdGF0dXMiOnRydWUsImNyZWF0ZWRfYXQiOiIyMDIxLTA2LTE2VDE2OjM5OjAzLjAwMFoiLCJjcmVhdGVkX2J5IjoxLCJyb2xlIjp7ImlkIjoyLCJkZXNjcmlwdGlvbiI6InVzZXIgZm9yIHRlc3QiLCJuYW1lIjoidXNlciJ9LCJpYXQiOjE2MjM4NjQ5NDAsImV4cCI6MTYyMzg3NTc0MH0.loR8C5bQccE-XmEX2dS_eOOZzkG6zEoCgGXcBJSD1AU,t,2021-06-16 23:35:39+07
9,6,eyJhbGciOiJIUzI1NiIsInR5cCI6IkpXVCJ9.eyJpZCI6NiwiZW1haWwiOiJhbXplc21vcm8wMDRAZ21haWwuY29tIiwidXNlcm5hbWUiOiJhbXplc21vcm8wMDQiLCJmaXJzdG5hbWUiOiJhbXplc21vcm8iLCJsYXN0bmFtZSI6IjAwNCIsIm1vYmlsZV9udW1iZXIiOiI4MTI1OTAwMTEiLCJzdGF0dXMiOnRydWUsImNyZWF0ZWRfYXQiOiIyMDIxLTA2LTE2VDE3OjQzOjIwLjAwMFoiLCJjcmVhdGVkX2J5IjoxLCJyb2xlIjp7ImlkIjoyLCJkZXNjcmlwdGlvbiI6InVzZXIgZm9yIHRlc3QiLCJuYW1lIjoidXNlciJ9LCJpYXQiOjE2MjM4NjU0MzYsImV4cCI6MTYyMzg3NjIzNn0.OqJP1M37E_KzvcNNLqe0neK_W64dkeNgS6vM7M6IRjE,t,2021-06-16 23:35:39+07
7,3,eyJhbGciOiJIUzI1NiIsInR5cCI6IkpXVCJ9.eyJpZCI6MywiZW1haWwiOiJhbXplc21vcm8wMDFAZ21haWwuY29tIiwidXNlcm5hbWUiOiJhbXplc21vcm8wMDEiLCJmaXJzdG5hbWUiOiJhbXplc21vcm8iLCJsYXN0bmFtZSI6IjAwMSIsIm1vYmlsZV9udW1iZXIiOiI4MTI1OTAwMTEiLCJzdGF0dXMiOnRydWUsImNyZWF0ZWRfYXQiOiIyMDIxLTA2LTE1VDIzOjQzOjIxLjAwMFoiLCJjcmVhdGVkX2J5IjoxLCJyb2xlIjp7ImlkIjoyLCJkZXNjcmlwdGlvbiI6InVzZXIgZm9yIHRlc3QiLCJuYW1lIjoidXNlciJ9LCJpYXQiOjE2MjM4NjQ4NjMsImV4cCI6MTYyMzg3NTY2M30.VlgfnZwoRXFfWne69zcUTwyqtTfiWuxhq0TVHtsFZTQ,f,2021-06-16 23:35:39+07
10,3,eyJhbGciOiJIUzI1NiIsInR5cCI6IkpXVCJ9.eyJpZCI6MywiZW1haWwiOiJhbXplc21vcm8wMDFAZ21haWwuY29tIiwidXNlcm5hbWUiOiJhbXplc21vcm8wMDEiLCJmaXJzdG5hbWUiOiJhbXplc21vcm8iLCJsYXN0bmFtZSI6IjAwMSIsIm1vYmlsZV9udW1iZXIiOiI4MTI1OTAwMTEiLCJzdGF0dXMiOnRydWUsImNyZWF0ZWRfYXQiOiIyMDIxLTA2LTE1VDIzOjQzOjIxLjAwMFoiLCJjcmVhdGVkX2J5IjoxLCJyb2xlIjp7ImlkIjoyLCJkZXNjcmlwdGlvbiI6InVzZXIgZm9yIHRlc3QiLCJuYW1lIjoidXNlciJ9LCJpYXQiOjE2MjM4OTcwODAsImV4cCI6MTYyMzkwNzg4MH0.NC-mcsckCt9Mwu1GpjsBq0WbH1tKD_7bTwmQyRBfXvk,f,2021-06-17 09:24:53+07
11,3,eyJhbGciOiJIUzI1NiIsInR5cCI6IkpXVCJ9.eyJpZCI6MywiZW1haWwiOiJhbXplc21vcm8wMDFAZ21haWwuY29tIiwidXNlcm5hbWUiOiJhbXplc21vcm8wMDEiLCJmaXJzdG5hbWUiOiJhbXplc21vcm8iLCJsYXN0bmFtZSI6IjAwMSIsIm1vYmlsZV9udW1iZXIiOiI4MTI1OTAwMTEiLCJzdGF0dXMiOnRydWUsImNyZWF0ZWRfYXQiOiIyMDIxLTA2LTE1VDIzOjQzOjIxLjAwMFoiLCJjcmVhdGVkX2J5IjoxLCJyb2xlIjp7ImlkIjoyLCJkZXNjcmlwdGlvbiI6InVzZXIgZm9yIHRlc3QiLCJuYW1lIjoidXNlciJ9LCJpYXQiOjE2MjM5MDgyODUsImV4cCI6MTYyMzkxOTA4NX0.OUrmIGwv8YsLgkxft8-iYcujQELLGJ1SGHEmRk3lO8o,f,2021-06-17 09:24:53+07
12,3,eyJhbGciOiJIUzI1NiIsInR5cCI6IkpXVCJ9.eyJpZCI6MywiZW1haWwiOiJhbXplc21vcm8wMDFAZ21haWwuY29tIiwidXNlcm5hbWUiOiJhbXplc21vcm8wMDEiLCJmaXJzdG5hbWUiOiJhbXplc21vcm8iLCJsYXN0bmFtZSI6IjAwMSIsIm1vYmlsZV9udW1iZXIiOiI4MTI1OTAwMTEiLCJzdGF0dXMiOnRydWUsImNyZWF0ZWRfYXQiOiIyMDIxLTA2LTE1VDIzOjQzOjIxLjAwMFoiLCJjcmVhdGVkX2J5IjoxLCJyb2xlIjp7ImlkIjoyLCJkZXNjcmlwdGlvbiI6InVzZXIgZm9yIHRlc3QiLCJuYW1lIjoidXNlciJ9LCJpYXQiOjE2MjM5MzUzNjMsImV4cCI6MTYyMzk0NjE2M30.I9tOvtfOQvDuLwEela7S6uIp8hRAWbxJ56UYWJyaEaw,f,2021-06-17 20:08:30+07
13,3,eyJhbGciOiJIUzI1NiIsInR5cCI6IkpXVCJ9.eyJpZCI6MywiZW1haWwiOiJhbXplc21vcm8wMDFAZ21haWwuY29tIiwidXNlcm5hbWUiOiJhbXplc21vcm8wMDEiLCJmaXJzdG5hbWUiOiJhbXplc21vcm8iLCJsYXN0bmFtZSI6IjAwMSIsIm1vYmlsZV9udW1iZXIiOiI4MTI1OTAwMTEiLCJzdGF0dXMiOnRydWUsImNyZWF0ZWRfYXQiOiIyMDIxLTA2LTE1VDIzOjQzOjIxLjAwMFoiLCJjcmVhdGVkX2J5IjoxLCJyb2xlIjp7ImlkIjoyLCJkZXNjcmlwdGlvbiI6InVzZXIgZm9yIHRlc3QiLCJuYW1lIjoidXNlciJ9LCJpYXQiOjE2MjM5NDYzMzcsImV4cCI6MTYyMzk1NzEzN30.BqmdTIn1cIWnljsB1QveKCV8RmwZIs6sOvSDw-JnjHs,t,2021-06-17 20:08:30+07
